{
    "93117": "California",
    "93921": "California",
    "40507": "Kentucky",
    "42642": "Kentucky",
    "40505": "Kentucky",
    "42240": "Kentucky",
    "40503": "Kentucky",
    "93013": "California",
    "94063": "California",
    "70130": "Louisiana",
    "80517": "Colorado",
    "81648": "Colorado",
    "80501": "Colorado",
    "80921": "Colorado",
    "61455": "Illinois",
    "95112": "California",
    "94087": "California",
    "92101": "California",
    "92110": "California",
    "92108": "California",
    "47802": "Indiana",
    "46530": "Indiana",
    "46226": "Indiana",
    "46808": "Indiana",
    "94102": "California",
    "94103": "California",
    "94109": "California",
    "32905": "Florida",
    "91608": "California",
    "99664": "Alaska",
    "30909": "Georgia",
    "36804": "Alabama",
    "85344": "Arizona",
    "72401": "Arkansas",
    "72632": "Arkansas",
    "72956": "Arkansas",
    "99503": "Alaska",
    "97110": "Oregon",
    "34224": "Florida",
    "33563": "Florida",
    "90026": "California",
    "98101": "Washington",
    "98133": "Washington",
    "98003": "Washington",
    "84604": "Utah",
    "77069": "Texas",
    "79925": "Texas",
    "37207": "Tennessee",
    "37738": "Tennessee",
    "29601": "South Carolina",
    "19106": "Pennsylvania",
    "43025": "Ohio",
    "43420": "Ohio",
    "43017": "Ohio",
    "45255": "Ohio",
    "17013": "Pennsylvania",
    "97756": "Oregon",
    "71950": "Arkansas",
    "10002": "New York",
    "88435": "New Mexico",
    "30080": "Georgia",
    "70112": "Louisiana",
    "21045": "Maryland",
    "49512": "Michigan",
    "48202": "Michigan",
    "70726": "Louisiana",
    "30328": "Georgia",
    "30305": "Georgia",
    "30337": "Georgia",
    "30904": "Georgia",
    "81620": "Colorado",
    "80021": "Colorado",
    "72616": "Arkansas",
    "92130": "California",
    "94108": "California",
    "94133": "California",
    "93036": "California",
    "95008": "California",
    "80221": "Colorado",
    "92408": "California",
    "90802": "California",
    "38671": "Mississippi",
    "63102": "Missouri",
    "52314": "Iowa",
    "93940": "California",
    "52404": "Iowa",
    "33931": "Florida",
    "92802": "California",
    "90301": "California",
    "22701": "Virginia",
    "86001": "Arizona",
    "92264": "California",
    "33070": "Florida",
    "84532": "Utah",
    "32118": "Florida",
    "98243": "Washington",
    "98569": "Washington",
    "60031": "Illinois",
    "92804": "California",
    "93905": "California",
    "93449": "California",
    "53565": "Wisconsin",
    "54661": "Wisconsin",
    "54650": "Wisconsin",
    "53405": "Wisconsin",
    "54016": "Wisconsin",
    "53092": "Wisconsin",
    "54449": "Wisconsin",
    "54216": "Wisconsin",
    "54241": "Wisconsin",
    "54149": "Wisconsin",
    "90230": "California",
    "84021": "Utah",
    "85003": "Arizona",
    "96815": "Hawaii",
    "65733": "Missouri",
    "64491": "Missouri",
    "33130": "Florida",
    "20653": "Maryland",
    "21076": "Maryland",
    "21531": "Maryland",
    "21842": "Maryland",
    "94520": "California",
    "60563": "Illinois",
    "60601": "Illinois",
    "62946": "Illinois",
    "24012": "Virginia",
    "92311": "California",
    "23451": "Virginia",
    "51555": "Iowa",
    "30720": "Georgia",
    "30753": "Georgia",
    "33062": "Florida",
    "30303": "Georgia",
    "93238": "California",
    "83501": "Idaho",
    "48060": "Michigan",
    "46304": "Indiana",
    "83702": "Idaho",
    "47905": "Indiana",
    "98847": "Washington",
    "98277": "Washington",
    "90405": "California",
    "93308": "California",
    "98516": "Washington",
    "49660": "Michigan",
    "60438": "Illinois",
    "21716": "Maryland",
    "98007": "Washington",
    "34293": "Florida",
    "71483": "Louisiana",
    "98104": "Washington",
    "41501": "Kentucky",
    "40202": "Kentucky",
    "40510": "Kentucky",
    "40299": "Kentucky",
    "40336": "Kentucky",
    "91770": "California",
    "92315": "California",
    "92107": "California",
    "92118": "California",
    "94559": "California",
    "93654": "California",
    "90017": "California",
    "60654": "Illinois",
    "95311": "California",
    "95660": "California",
    "94123": "California",
    "33149": "Florida",
    "33957": "Florida",
    "89440": "Nevada",
    "93710": "California",
    "93555": "California",
    "93454": "California",
    "92067": "California",
    "89502": "Nevada",
    "93664": "California",
    "93906": "California",
    "91411": "California",
    "25508": "West Virginia",
    "82441": "Wyoming",
    "33767": "Florida",
    "95448": "California",
    "85938": "Arizona",
    "93309": "California",
    "91730": "California",
    "86025": "Arizona",
    "67401": "Kansas",
    "45402": "Ohio",
    "60611": "Illinois",
    "32819": "Florida",
    "33126": "Florida",
    "56278": "Minnesota",
    "93720": "California",
    "72067": "Arkansas",
    "85206": "Arizona",
    "88061": "New Mexico",
    "40004": "Kentucky",
    "88005": "New Mexico",
    "99624": "Alaska",
    "19406": "Pennsylvania",
    "32821": "Florida",
    "33040": "Florida",
    "33897": "Florida",
    "93003": "California",
    "95023": "California",
    "93101": "California",
    "95776": "California",
    "37312": "Tennessee",
    "37863": "Tennessee",
    "38401": "Tennessee",
    "60607": "Illinois",
    "79088": "Texas",
    "31216": "Georgia",
    "32408": "Florida",
    "34217": "Florida",
    "76087": "Texas",
    "91768": "California",
    "95242": "California",
    "77523": "Texas",
    "30349": "Georgia",
    "35806": "Alabama",
    "76706": "Texas",
    "76308": "Texas",
    "49616": "Michigan",
    "79701": "Texas",
    "92109": "California",
    "78501": "Texas",
    "52722": "Iowa",
    "29078": "South Carolina",
    "30265": "Georgia",
    "32817": "Florida",
    "29928": "South Carolina",
    "29801": "South Carolina",
    "92648": "California",
    "96150": "California",
    "72712": "Arkansas",
    "85122": "Arizona",
    "49129": "Michigan",
    "68005": "Nebraska",
    "47150": "Indiana",
    "60008": "Illinois",
    "60631": "Illinois",
    "31324": "Georgia",
    "30907": "Georgia",
    "33177": "Florida",
    "33713": "Florida",
    "58201": "North Dakota",
    "12474": "New York",
    "80524": "Colorado",
    "13368": "New York",
    "22810": "Virginia",
    "24502": "Virginia",
    "23666": "Virginia",
    "53821": "Wisconsin",
    "54558": "Wisconsin",
    "53965": "Wisconsin",
    "53711": "Wisconsin",
    "54806": "Wisconsin",
    "53140": "Wisconsin",
    "92805": "California",
    "90045": "California",
    "12401": "New York",
    "98109": "Washington",
    "83101": "Wyoming",
    "82426": "Wyoming",
    "82225": "Wyoming",
    "82633": "Wyoming",
    "82301": "Wyoming",
    "72211": "Arkansas",
    "85635": "Arizona",
    "10461": "New York",
    "30339": "Georgia",
    "30306": "Georgia",
    "60606": "Illinois",
    "19107": "Pennsylvania",
    "19342": "Pennsylvania",
    "31210": "Georgia",
    "37419": "Tennessee",
    "37409": "Tennessee",
    "32301": "Florida",
    "33315": "Florida",
    "33809": "Florida",
    "95020": "California",
    "20878": "Maryland",
    "91306": "California",
    "95811": "California",
    "94110": "California",
    "72019": "Arkansas",
    "92553": "California",
    "23336": "Virginia",
    "21703": "Maryland",
    "35401": "Alabama",
    "70116": "Louisiana",
    "70072": "Louisiana",
    "71449": "Louisiana",
    "70508": "Louisiana",
    "70668": "Louisiana",
    "49855": "Michigan",
    "68102": "Nebraska",
    "67052": "Kansas",
    "42104": "Kentucky",
    "19153": "Pennsylvania",
    "19901": "Delaware",
    "34236": "Florida",
    "93644": "California",
    "95540": "California",
    "93635": "California",
    "95076": "California",
    "64470": "Missouri",
    "65804": "Missouri",
    "92037": "California",
    "92106": "California",
    "65079": "Missouri",
    "93933": "California",
    "15071": "Pennsylvania",
    "73703": "Oklahoma",
    "74437": "Oklahoma",
    "72704": "Arkansas",
    "92277": "California",
    "86303": "Arizona",
    "85034": "Arizona",
    "15401": "Pennsylvania",
    "15459": "Pennsylvania",
    "36203": "Alabama",
    "15626": "Pennsylvania",
    "48734": "Michigan",
    "97367": "Oregon",
    "17202": "Pennsylvania",
    "15236": "Pennsylvania",
    "68128": "Nebraska",
    "68847": "Nebraska",
    "68801": "Nebraska",
    "51351": "Iowa",
    "84321": "Utah",
    "97365": "Oregon",
    "17404": "Pennsylvania",
    "18321": "Pennsylvania",
    "16217": "Pennsylvania",
    "97305": "Oregon",
    "73036": "Oklahoma",
    "19958": "Delaware",
    "56468": "Minnesota",
    "55302": "Minnesota",
    "55350": "Minnesota",
    "55723": "Minnesota",
    "55104": "Minnesota",
    "55420": "Minnesota",
    "56258": "Minnesota",
    "33020": "Florida",
    "38655": "Mississippi",
    "67490": "Kansas",
    "67213": "Kansas",
    "67501": "Kansas",
    "66062": "Kansas",
    "67114": "Kansas",
    "28803": "North Carolina",
    "81422": "Colorado",
    "38804": "Mississippi",
    "64744": "Missouri",
    "81036": "Colorado",
    "35768": "Alabama",
    "80734": "Colorado",
    "81433": "Colorado",
    "95437": "California",
    "81657": "Colorado",
    "32401": "Florida",
    "80109": "Colorado",
    "80203": "Colorado",
    "85043": "Arizona",
    "30213": "Georgia",
    "39819": "Georgia",
    "30545": "Georgia",
    "31757": "Georgia",
    "31909": "Georgia",
    "65202": "Missouri",
    "59758": "Montana",
    "90250": "California",
    "93545": "California",
    "59405": "Montana",
    "95321": "California",
    "92240": "California",
    "35405": "Alabama",
    "70115": "Louisiana",
    "23185": "Virginia",
    "38305": "Tennessee",
    "29477": "South Carolina",
    "87740": "New Mexico",
    "92115": "California",
    "56649": "Minnesota",
    "39157": "Mississippi",
    "55423": "Minnesota",
    "56628": "Minnesota",
    "37934": "Tennessee",
    "47579": "Indiana",
    "51041": "Iowa",
    "98362": "Washington",
    "82520": "Wyoming",
    "84525": "Utah",
    "64735": "Missouri",
    "84047": "Utah",
    "98815": "Washington",
    "20186": "Virginia",
    "97118": "Oregon",
    "75657": "Texas",
    "84767": "Utah",
    "53949": "Wisconsin",
    "53035": "Wisconsin",
    "54911": "Wisconsin",
    "98103": "Washington",
    "84770": "Utah",
    "78409": "Texas",
    "65338": "Missouri",
    "78215": "Texas",
    "54801": "Wisconsin",
    "53713": "Wisconsin",
    "74848": "Oklahoma",
    "24578": "Virginia",
    "54904": "Wisconsin",
    "23310": "Virginia",
    "82329": "Wyoming",
    "78676": "Texas",
    "99166": "Washington",
    "98382": "Washington",
    "69337": "Nebraska",
    "59808": "Montana",
    "69101": "Nebraska",
    "70003": "Louisiana",
    "42134": "Kentucky",
    "68528": "Nebraska",
    "40216": "Kentucky",
    "59270": "Montana",
    "59301": "Montana",
    "68701": "Nebraska",
    "68845": "Nebraska",
    "17517": "Pennsylvania",
    "77478": "Texas",
    "47872": "Indiana",
    "52003": "Iowa",
    "86004": "Arizona",
    "30308": "Georgia",
    "31069": "Georgia",
    "85603": "Arizona",
    "12937": "New York",
    "85004": "Arizona",
    "85935": "Arizona",
    "36401": "Alabama",
    "94117": "California",
    "19966": "Delaware",
    "81089": "Colorado",
    "78332": "Texas",
    "32550": "Florida",
    "98108": "Washington",
    "43528": "Ohio",
    "82331": "Wyoming",
    "98331": "Washington",
    "73134": "Oklahoma",
    "99611": "Alaska",
    "72010": "Arkansas",
    "85051": "Arizona",
    "81506": "Colorado",
    "80919": "Colorado",
    "80828": "Colorado",
    "99701": "Alaska",
    "67070": "Kansas",
    "36602": "Alabama",
    "60015": "Illinois",
    "27703": "North Carolina",
    "59701": "Montana",
    "83250": "Idaho",
    "83843": "Idaho",
    "53045": "Wisconsin",
    "11946": "New York",
    "21001": "Maryland",
    "35630": "Alabama",
    "85085": "Arizona",
    "80249": "Colorado",
    "23927": "Virginia",
    "38501": "Tennessee",
    "75234": "Texas",
    "76448": "Texas",
    "89119": "Nevada",
    "97633": "Oregon",
    "63110": "Missouri",
    "97845": "Oregon",
    "97535": "Oregon",
    "97401": "Oregon",
    "17572": "Pennsylvania",
    "97846": "Oregon",
    "47274": "Indiana",
    "47807": "Indiana",
    "50219": "Iowa",
    "97539": "Oregon",
    "73401": "Oklahoma",
    "75247": "Texas",
    "73717": "Oklahoma",
    "54847": "Wisconsin",
    "96080": "California",
    "75201": "Texas",
    "43338": "Ohio",
    "84624": "Utah",
    "75240": "Texas",
    "66538": "Kansas",
    "20603": "Maryland",
    "44286": "Ohio",
    "12440": "New York",
    "29483": "South Carolina",
    "92025": "California",
    "85260": "Arizona",
    "97703": "Oregon",
    "54615": "Wisconsin",
    "67846": "Kansas",
    "46204": "Indiana",
    "57703": "South Dakota",
    "29803": "South Carolina",
    "82834": "Wyoming",
    "45662": "Ohio",
    "75228": "Texas",
    "39046": "Mississippi",
    "37882": "Tennessee",
    "78003": "Texas",
    "97205": "Oregon",
    "75150": "Texas",
    "78064": "Texas",
    "59715": "Montana",
    "28379": "North Carolina",
    "94589": "California",
    "93612": "California",
    "28372": "North Carolina",
    "14870": "New York",
    "36066": "Alabama",
    "63146": "Missouri",
    "56308": "Minnesota",
    "29621": "South Carolina",
    "98383": "Washington",
    "17325": "Pennsylvania",
    "45840": "Ohio",
    "90210": "California",
    "95482": "California",
    "76903": "Texas",
    "93023": "California",
    "95131": "California",
    "94558": "California",
    "19460": "Pennsylvania",
    "55344": "Minnesota",
    "43616": "Ohio",
    "75040": "Texas",
    "36571": "Alabama",
    "55904": "Minnesota",
    "17201": "Pennsylvania",
    "99350": "Washington",
    "23227": "Virginia",
    "91755": "California",
    "76040": "Texas",
    "89801": "Nevada",
    "16501": "Pennsylvania",
    "95014": "California",
    "95010": "California",
    "96051": "California",
    "92081": "California",
    "23237": "Virginia",
    "75901": "Texas",
    "92651": "California",
    "37214": "Tennessee",
    "28202": "North Carolina",
    "27573": "North Carolina",
    "74003": "Oklahoma",
    "12180": "New York",
    "54701": "Wisconsin",
    "48187": "Michigan",
    "52641": "Iowa",
    "62401": "Illinois",
    "53226": "Wisconsin",
    "78373": "Texas",
    "32303": "Florida",
    "33308": "Florida",
    "97128": "Oregon",
    "92008": "California",
    "32073": "Florida",
    "10701": "New York",
    "75038": "Texas",
    "83440": "Idaho",
    "17111": "Pennsylvania",
    "75024": "Texas",
    "53726": "Wisconsin",
    "75082": "Texas",
    "98223": "Washington",
    "34117": "Florida",
    "31091": "Georgia",
    "12866": "New York",
    "77598": "Texas",
    "82501": "Wyoming",
    "71203": "Louisiana",
    "86301": "Arizona",
    "68521": "Nebraska",
    "23601": "Virginia",
    "46268": "Indiana",
    "48189": "Michigan",
    "94080": "California",
    "76048": "Texas",
    "84078": "Utah",
    "99328": "Washington",
    "98107": "Washington",
    "98620": "Washington",
    "82324": "Wyoming",
    "82901": "Wyoming",
    "44114": "Ohio",
    "87102": "New Mexico",
    "83814": "Idaho",
    "75202": "Texas",
    "81435": "Colorado",
    "14225": "New York",
    "34102": "Florida",
    "19102": "Pennsylvania",
    "97701": "Oregon",
    "97914": "Oregon",
    "97801": "Oregon",
    "89135": "Nevada",
    "37027": "Tennessee",
    "55718": "Minnesota",
    "26501": "West Virginia",
    "73644": "Oklahoma",
    "20706": "Maryland",
    "87301": "New Mexico",
    "40511": "Kentucky",
    "17055": "Pennsylvania",
    "67801": "Kansas",
    "37924": "Tennessee",
    "42301": "Kentucky",
    "72653": "Arkansas",
    "71923": "Arkansas",
    "53081": "Wisconsin",
    "20770": "Maryland",
    "76086": "Texas",
    "85086": "Arizona",
    "26651": "West Virginia",
    "78750": "Texas",
    "92262": "California",
    "97232": "Oregon",
    "93401": "California",
    "37078": "Tennessee",
    "97702": "Oregon",
    "97504": "Oregon",
    "17512": "Pennsylvania",
    "59858": "Montana",
    "59901": "Montana",
    "65686": "Missouri",
    "11590": "New York",
    "79765": "Texas",
    "38606": "Mississippi",
    "38901": "Mississippi",
    "59501": "Montana",
    "99801": "Alaska",
    "32822": "Florida",
    "18519": "Pennsylvania",
    "80443": "Colorado",
    "36609": "Alabama",
    "92590": "California",
    "50112": "Iowa",
    "96722": "Hawaii",
    "26101": "West Virginia",
    "49770": "Michigan",
    "77056": "Texas",
    "94085": "California",
    "28480": "North Carolina",
    "43130": "Ohio",
    "10019": "New York",
    "12498": "New York",
    "28445": "North Carolina",
    "28465": "North Carolina",
    "12477": "New York",
    "28205": "North Carolina",
    "98848": "Washington",
    "49720": "Michigan",
    "62703": "Illinois",
    "53221": "Wisconsin",
    "21601": "Maryland",
    "23112": "Virginia",
    "73501": "Oklahoma",
    "29488": "South Carolina",
    "98662": "Washington",
    "78238": "Texas",
    "73030": "Oklahoma",
    "63074": "Missouri",
    "63005": "Missouri",
    "15120": "Pennsylvania",
    "63141": "Missouri",
    "15314": "Pennsylvania",
    "17545": "Pennsylvania",
    "28711": "North Carolina",
    "14094": "New York",
    "10017": "New York",
    "36535": "Alabama",
    "79605": "Texas",
    "68504": "Nebraska",
    "28460": "North Carolina",
    "68776": "Nebraska",
    "13350": "New York",
    "10990": "New York",
    "18071": "Pennsylvania",
    "43123": "Ohio",
    "12210": "New York",
    "44202": "Ohio",
    "13601": "New York",
    "27028": "North Carolina",
    "13478": "New York",
    "71854": "Arkansas",
    "95987": "California",
    "14513": "New York",
    "18507": "Pennsylvania",
    "92056": "California",
    "46410": "Indiana",
    "11217": "New York",
    "43920": "Ohio",
    "16137": "Pennsylvania",
    "43110": "Ohio",
    "44805": "Ohio",
    "27858": "North Carolina",
    "28697": "North Carolina",
    "27889": "North Carolina",
    "27540": "North Carolina",
    "14760": "New York",
    "14048": "New York",
    "13326": "New York",
    "29730": "South Carolina",
    "97230": "Oregon",
    "27612": "North Carolina",
    "74127": "Oklahoma",
    "98660": "Washington",
    "28027": "North Carolina",
    "28273": "North Carolina",
    "92252": "California",
    "85008": "Arizona",
    "38654": "Mississippi",
    "10013": "New York",
    "73080": "Oklahoma",
    "73141": "Oklahoma",
    "77511": "Texas",
    "84401": "Utah",
    "89030": "Nevada",
    "77024": "Texas",
    "30315": "Georgia",
    "70808": "Louisiana",
    "47933": "Indiana",
    "35904": "Alabama",
    "46123": "Indiana",
    "74133": "Oklahoma",
    "63901": "Missouri",
    "90277": "California",
    "97330": "Oregon",
    "46637": "Indiana",
    "10014": "New York",
    "97031": "Oregon",
    "97045": "Oregon",
    "97060": "Oregon",
    "79821": "Texas",
    "14411": "New York",
    "58503": "North Dakota",
    "39272": "Mississippi",
    "39701": "Mississippi",
    "73108": "Oklahoma",
    "59639": "Montana",
    "87109": "New Mexico",
    "43537": "Ohio",
    "40509": "Kentucky",
    "90212": "California",
    "28725": "North Carolina",
    "32746": "Florida",
    "22664": "Virginia",
    "85027": "Arizona",
    "75801": "Texas",
    "65802": "Missouri",
    "49444": "Michigan",
    "94306": "California",
    "50644": "Iowa",
    "74745": "Oklahoma",
    "34677": "Florida",
    "33138": "Florida",
    "81301": "Colorado",
    "80701": "Colorado",
    "30286": "Georgia",
    "66502": "Kansas",
    "73075": "Oklahoma",
    "80916": "Colorado",
    "75207": "Texas",
    "30144": "Georgia",
    "45694": "Ohio",
    "49721": "Michigan",
    "95661": "California",
    "35243": "Alabama",
    "51301": "Iowa",
    "96007": "California",
    "46240": "Indiana",
    "50138": "Iowa",
    "30546": "Georgia",
    "31639": "Georgia",
    "87558": "New Mexico",
    "89109": "Nevada",
    "59847": "Montana",
    "66211": "Kansas",
    "55616": "Minnesota",
    "85326": "Arizona",
    "98547": "Washington",
    "99185": "Washington",
    "98057": "Washington",
    "98595": "Washington",
    "98944": "Washington",
    "99336": "Washington",
    "98562": "Washington",
    "37130": "Tennessee",
    "37324": "Tennessee",
    "37701": "Tennessee",
    "73750": "Oklahoma",
    "33122": "Florida",
    "30067": "Georgia",
    "95446": "California",
    "32541": "Florida",
    "54603": "Wisconsin",
    "49646": "Michigan",
    "49015": "Michigan",
    "93442": "California",
    "30084": "Georgia",
    "30326": "Georgia",
    "60181": "Illinois",
    "85501": "Arizona",
    "92117": "California",
    "93706": "California",
    "42303": "Kentucky",
    "30901": "Georgia",
    "24066": "Virginia",
    "24522": "Virginia",
    "78130": "Texas",
    "79720": "Texas",
    "80246": "Colorado",
    "80124": "Colorado",
    "21209": "Maryland",
    "46112": "Indiana",
    "60148": "Illinois",
    "60614": "Illinois",
    "60629": "Illinois",
    "55731": "Minnesota",
    "49701": "Michigan",
    "48226": "Michigan",
    "49938": "Michigan",
    "49684": "Michigan",
    "37067": "Tennessee",
    "37421": "Tennessee",
    "43724": "Ohio",
    "44305": "Ohio",
    "45750": "Ohio",
    "33129": "Florida",
    "95678": "California",
    "95503": "California",
    "94928": "California",
    "92227": "California",
    "92868": "California",
    "33131": "Florida",
    "85546": "Arizona",
    "85364": "Arizona",
    "85365": "Arizona",
    "86336": "Arizona",
    "24382": "Virginia",
    "27517": "North Carolina",
    "93436": "California",
    "22314": "Virginia",
    "85741": "Arizona",
    "92126": "California",
    "85016": "Arizona",
    "60626": "Illinois",
    "78664": "Texas",
    "37047": "Tennessee",
    "75076": "Texas",
    "24019": "Virginia",
    "19610": "Pennsylvania",
    "57006": "South Dakota",
    "85374": "Arizona",
    "57108": "South Dakota",
    "73521": "Oklahoma",
    "97014": "Oregon",
    "10018": "New York",
    "52040": "Iowa",
    "92123": "California",
    "85251": "Arizona",
    "85614": "Arizona",
    "59442": "Montana",
    "18104": "Pennsylvania",
    "95969": "California",
    "90640": "California",
    "93546": "California",
    "96027": "California",
    "95018": "California",
    "22150": "Virginia",
    "62274": "Illinois",
    "77905": "Texas",
    "78575": "Texas",
    "84741": "Utah",
    "75126": "Texas",
    "55108": "Minnesota",
    "55811": "Minnesota",
    "55901": "Minnesota",
    "10011": "New York",
    "10023": "New York",
    "70816": "Louisiana",
    "23602": "Virginia",
    "79015": "Texas",
    "37167": "Tennessee",
    "65453": "Missouri",
    "64633": "Missouri",
    "49546": "Michigan",
    "92128": "California",
    "72201": "Arkansas",
    "33701": "Florida",
    "65109": "Missouri",
    "54660": "Wisconsin",
    "79512": "Texas",
    "57325": "South Dakota",
    "57732": "South Dakota",
    "33610": "Florida",
    "77356": "Texas",
    "28208": "North Carolina",
    "34103": "Florida",
    "30103": "Georgia",
    "30121": "Georgia",
    "71270": "Louisiana",
    "70001": "Louisiana",
    "71301": "Louisiana",
    "94104": "California",
    "92407": "California",
    "96761": "Hawaii",
    "43015": "Ohio",
    "10024": "New York",
    "37129": "Tennessee",
    "29118": "South Carolina",
    "57104": "South Dakota",
    "29223": "South Carolina",
    "94621": "California",
    "29678": "South Carolina",
    "97850": "Oregon",
    "36608": "Alabama",
    "35601": "Alabama",
    "46628": "Indiana",
    "47401": "Indiana",
    "74401": "Oklahoma",
    "72022": "Arkansas",
    "82718": "Wyoming",
    "25301": "West Virginia",
    "23314": "Virginia",
    "84060": "Utah",
    "55425": "Minnesota",
    "75964": "Texas",
    "84120": "Utah",
    "79039": "Texas",
    "79103": "Texas",
    "79124": "Texas",
    "37388": "Tennessee",
    "73117": "Oklahoma",
    "44663": "Ohio",
    "87048": "New Mexico",
    "89027": "Nevada",
    "14174": "New York",
    "66044": "Kansas",
    "33477": "Florida",
    "82636": "Wyoming",
    "82009": "Wyoming",
    "22191": "Virginia",
    "24060": "Virginia",
    "54971": "Wisconsin",
    "79703": "Texas",
    "98273": "Washington",
    "75703": "Texas",
    "75251": "Texas",
    "75204": "Texas",
    "75220": "Texas",
    "79718": "Texas",
    "78204": "Texas",
    "37722": "Tennessee",
    "37160": "Tennessee",
    "53214": "Wisconsin",
    "16365": "Pennsylvania",
    "15857": "Pennsylvania",
    "29550": "South Carolina",
    "89408": "Nevada",
    "65401": "Missouri",
    "87571": "New Mexico",
    "21853": "Maryland",
    "02852": "Rhode Island",
    "84098": "Utah",
    "46124": "Indiana",
    "46514": "Indiana",
    "30309": "Georgia",
    "31093": "Georgia",
    "54246": "Wisconsin",
    "33134": "Florida",
    "66801": "Kansas",
    "98337": "Washington",
    "98503": "Washington",
    "50010": "Iowa",
    "52402": "Iowa",
    "50309": "Iowa",
    "31061": "Georgia",
    "30240": "Georgia",
    "90069": "California",
    "33607": "Florida",
    "14075": "New York",
    "32256": "Florida",
    "32830": "Florida",
    "32809": "Florida",
    "23831": "Virginia",
    "95422": "California",
    "75224": "Texas",
    "30093": "Georgia",
    "52807": "Iowa",
    "70126": "Louisiana",
    "59019": "Montana",
    "58645": "North Dakota",
    "29072": "South Carolina",
    "46280": "Indiana",
    "35603": "Alabama",
    "36619": "Alabama",
    "35010": "Alabama",
    "53948": "Wisconsin",
    "54656": "Wisconsin",
    "43229": "Ohio",
    "78704": "Texas",
    "79070": "Texas",
    "45640": "Ohio",
    "37040": "Tennessee",
    "42503": "Kentucky",
    "62995": "Illinois",
    "83402": "Idaho",
    "61834": "Illinois",
    "62354": "Illinois",
    "50702": "Iowa",
    "51106": "Iowa",
    "96704": "Hawaii",
    "34613": "Florida",
    "30824": "Georgia",
    "96057": "California",
    "96023": "California",
    "95456": "California",
    "95536": "California",
    "96002": "California",
    "81130": "Colorado",
    "80807": "Colorado",
    "67124": "Kansas",
    "61074": "Illinois",
    "96753": "Hawaii",
    "95988": "California",
    "72802": "Arkansas",
    "82007": "Wyoming",
    "98926": "Washington",
    "24202": "Virginia",
    "57790": "South Dakota",
    "89503": "Nevada",
    "49686": "Michigan",
    "52002": "Iowa",
    "30601": "Georgia",
    "32804": "Florida",
    "92806": "California",
    "75211": "Texas",
    "30324": "Georgia",
    "30336": "Georgia",
    "08401": "New Jersey",
    "24091": "Virginia",
    "56521": "Minnesota",
    "02116": "Massachusetts",
    "44512": "Ohio",
    "90401": "California",
    "18042": "Pennsylvania",
    "85035": "Arizona",
    "23234": "Virginia",
    "34747": "Florida",
    "17110": "Pennsylvania",
    "27576": "North Carolina",
    "32807": "Florida",
    "92154": "California",
    "92120": "California",
    "94599": "California",
    "82513": "Wyoming",
    "76132": "Texas",
    "37398": "Tennessee",
    "24210": "Virginia",
    "74346": "Oklahoma",
    "85638": "Arizona",
    "85939": "Arizona",
    "36869": "Alabama",
    "36201": "Alabama",
    "32413": "Florida",
    "34110": "Florida",
    "56763": "Minnesota",
    "94579": "California",
    "13420": "New York",
    "14850": "New York",
    "33950": "Florida",
    "75672": "Texas",
    "76137": "Texas",
    "43219": "Ohio",
    "33612": "Florida",
    "77565": "Texas",
    "75235": "Texas",
    "77836": "Texas",
    "48098": "Michigan",
    "37307": "Tennessee",
    "36027": "Alabama",
    "12480": "New York",
    "99301": "Washington",
    "26241": "West Virginia",
    "57783": "South Dakota",
    "32803": "Florida",
    "75231": "Texas",
    "32836": "Florida",
    "72661": "Arkansas",
    "35233": "Alabama",
    "36830": "Alabama",
    "12442": "New York",
    "75771": "Texas"
}